Brand,Model,Storage,Colour,Operating System
Blackberry,PRIV,32GB,schwarz,Android
Blackberry,KEY2,64GB,schwarz,Android
Blackberry,KEY2,64GB,silber,Android
Blackberry,Motion,32GB,black,Android
Blackberry,KEYone,64GB,schwarz,Android
Blackberry,KEY2 Dual SIM,64GB,schwarz,Android
Blackberry,KEY2 Dual SIM ,128GB,schwarz,Android
Blackberry,KEY2 LE Dual SIM,64GB,blau,Android
Blackberry,KEY2 LE Dual SIM,64GB,red,Android
Blackberry,KEY2 LE Dual SIM,64GB,champagner,Android
Blackberry,DTEK50,16GB,schwarz,Android
Blackberry,KEYone,32GB,silber,Android
Blackberry,Motion Dual SIM,32GB,black,Android
Blackberry,KEYone,64GB,bronze,Android
Blackberry,PRIV,32GB,schwarz,Android
Samsung,Note 10 Plus Dual SIM,256GB,black,Android
Samsung,Note 10 Plus Dual SIM,256GB,glow,Android
Samsung,S10 Plus Dual SIM,128GB,black,Android
Samsung,S8 Plus,64GB,grey,Android
Samsung,S10 Plus Dual SIM,512GB,white,Android
Samsung,S9 DuoS,64GB,blue,Android
Samsung,S10 Plus Dual SIM,512GB,black,Android
Samsung,A5 (2017),32GB,sky,Android
Samsung,S9,64GB,black,Android
Samsung,Note 10 Dual SIM,256GB,black,Android
Samsung,S8,64GB,black,Android
Samsung,S10e Dual SIM,128GB,black,Android
Samsung,S7,32GB,silver,Android
Samsung,S7,32GB,gold,Android
Samsung,Note 4,32GB,black,Android
Samsung,S7 edge,32GB,platinum,Android
Samsung,S9 Plus DuoS,64GB,purple,Android
Samsung,S10 Plus Dual SIM,128GB,white,Android
Samsung,S9 Plus DuoS,64GB,blue,Android
Samsung,S6 Edge,32GB,sapphire,Android
Samsung,S5 Neo,16GB,black,Android
Samsung,Note 9 DUOS,128GB,black,Android
Samsung,S6,32GB,topaz,Android
Samsung,A70 Dual SIM,128GB,white,Android
Samsung,Note 8,64GB,black,Android
Samsung,A5 (2017),32GB,sand,Android
Samsung,S20 Ultra 5G Dual SIM,128GB,gray,Android
Samsung,S7 edge,32GB,onyx,Android
Samsung,S8 Plus,64GB,silver,Android
Samsung,A6 (2018) Dual SIM,32GB,black,Android
Samsung,Note 10 Dual SIM,256GB,glow,Android
Samsung,A7 (2018) Dual SIM,64GB,black,Android
Samsung,S6 Edge,32GB,platinum,Android
Samsung,A3 (2017),16GB,sand,Android
Samsung,S6,64GB,sapphire,Android
Samsung,S6,32GB,pearl,Android
Samsung,S10e Dual SIM,128GB,blue,Android
Samsung,S9 Plus,128GB,blue,Android
Samsung,A6 Plus (2018) Dual SIM,32GB,black,Android
Samsung,A6 (2018),32GB,black,Android
Samsung,A6 (2018) Dual SIM,32GB,lavender,Android
Samsung,J5 (2017) DUOS,16GB,black,Android
Samsung,S7,32GB,onyx,Android
Samsung,S9 DuoS,64GB,blue,Android
Samsung,A6 (2018) Dual SIM,32GB,black,Android
Samsung,S7,32GB,onyx,Android
Samsung,S9 DuoS,64GB,black,Android
Samsung,S9 DuoS,64GB,purple,Android
Samsung,S9 Plus DuoS,64GB,black,Android
Samsung,S10 Dual SIM,128GB,black,Android
Samsung,S8,64GB,grey,Android
Samsung,S9,64GB,purple,Android
Samsung,S6,32GB,sapphire,Android
Samsung,S8,64GB,silver,Android
Samsung,S9 DuoS,64GB,gold,Android
Samsung,S9 Plus,64GB,black,Android
Samsung,S8 Plus,64GB,black,Android
Samsung,S7,32GB,pearl,Android
Samsung,S10 Dual SIM,128GB,green,Android
Samsung,S10 Dual SIM,128GB,blue,Android
Samsung,S8,64GB,pink,Android
Samsung,S7,32GB,platinum,Android
Samsung,S9 Plus,128GB,black,Android
Samsung,XCover 4,16GB,black,Android
Samsung,A50 Dual SIM,128GB,black,Android
Samsung,Note 9 DUOS,128GB,blue,Android
Samsung,A70 Dual SIM,128GB,black,Android
Samsung,S10e Dual SIM,128GB,white,Android
Samsung,A3 (2017),16GB,sky,Android
Samsung,S20 Ultra 5G Dual SIM,128GB,black,Android
Samsung,S8,64GB,blue,Android
Samsung,S9 Plus DuoS,64GB,gold,Android
Samsung,S10 Plus Dual SIM,128GB,green,Android
Samsung,A3 (2016),16GB,black,Android
Samsung,A50 Dual SIM,128GB,white,Android
Samsung,A50 Dual SIM,128GB,blue,Android
Samsung,S7 edge,32GB,titanium,Android
Samsung,Note 8,64GB,gold,Android
Samsung,A5 (2017),32GB,mist,Android
Samsung,Note 10 Plus Dual SIM,512GB,black,Android
Samsung,S20 Plus Dual SIM,128GB,blue,Android
Samsung,S5 mini,16GB,white,Android
Samsung,S9 Plus,128GB,purple,Android
Samsung,S20 Plus 5G Dual SIM,128GB,black,Android
Samsung,S9 Plus DuoS,256GB,black,Android
Samsung,A3 (2017),16GB,mist,Android
Samsung,S10e Dual SIM,128GB,yellow,Android
Samsung,A7 (2018) Dual SIM,64GB,gold,Android
Samsung,S6,32GB,platinum,Android
Samsung,A5 (2017),32GB,cloud,Android
Samsung,S20 Plus 5G Dual SIM,128GB,gray,Android
Samsung,S10 Dual SIM,512GB,black,Android
Samsung,S9 Plus DuoS,64GB,blue,Android
Samsung,S20 5G Dual SIM,128GB,blue,Android
Samsung,Xcover , 8GB,silver,Android
Samsung,A40 Dual SIM,64GB,coral,Android
Samsung,J7 (2017) DUOS,16GB,black,Android
Samsung,S9 Plus,64GB,blue,Android
Samsung,A3 (2016),16GB,white,Android
Samsung,A6 Plus (2018) Dual SIM,32GB,gold,Android
Samsung,J5 (2016) DUOS,16GB,gold,Android
Samsung,S5,16GB,white,Android
Samsung,M20 (2019) Dual SIM,64GB,black,Android
Samsung,S5 Neo,16GB,gold,Android
Samsung,A3,16GB,black,Android
Samsung,J5 (2017) DUOS,16GB,gold,Android
Samsung,S8 Plus,64GB,blue,Android
Samsung,A3 (2017),16GB,cloud,Android
Samsung,J5 (2017),16GB,black,Android
Samsung,J3 (2017),16GB,black,Android
Samsung,J5 (2016) DUOS,16GB,white,Android
Samsung,S10 Plus Dual SIM,1TB,black,Android
Samsung,S6,64GB,platinum,Android
Samsung,S4,16GB,mist,Android
Samsung,S5 mini,16GB,blue,Android
Samsung,Note 10 Dual SIM,256GB,pink,Android
Samsung,S5 mini,16GB,gold,Android
Samsung,S6 Edge,32GB,emerald,Android
Samsung,S10 Plus Dual SIM,1TB,white,Android
Samsung,Note 9 DUOS,512GB,blue,Android
Samsung,Xcover , 8GB,silver,Android
Samsung,Alpha,32GB,black,Android
Samsung,J3 (2017) DUOS,16GB,silver,Android
Samsung,J6 DUOS,32GB,black,Android
Samsung,A5 (2016),16GB,rosegold,Android
Samsung,A41 Dual SIM,64GB,black,Android
Samsung,A5,16GB,white,Android
Samsung,A3,16GB,white,Android
Samsung,J6 DUOS,32GB,lavender,Android
Samsung,Note20 Ultra Dual SIM,512GB,bronze,Android
Samsung,S8 DuoS,64GB,black,Android
Samsung,J7 (2016),16GB,white,Android
Samsung,S4 min, 8GB,black,Android
Samsung,J6 DUOS,32GB,gold,Android
Samsung,S4,16GB,frost,Android
Samsung,A6 Plus (2018),32GB,lavender,Android
Samsung,A8 (2018) Dual SIM,64GB,black,Android
Samsung,S7 edge,32GB,black,Android
Samsung,J3 (2017),16GB,gold,Android
Samsung,S8 Plus DuoS,64GB,black,Android
Samsung,S6 Edge,128GB,platinum,Android
Samsung,J4 Plus DUOS,32GB,pink,Android
Samsung,S10e Dual SIM,128GB,red,Android
Samsung,S7 edge DuoS,32GB,silver,Android
Samsung,S10 Plus Dual SIM,128GB,white,Android
Sony,Xperia XZ2,64GB,black,Android
Sony,Xperia XZ1 Compact,32GB,schwarz,Android
Sony,Xperia Z5 Compact,32GB,schwarz,Android
Sony,Xperia XZ3,64GB,black,Android
Sony,Xperia XZ,32GB,blue,Android
Sony,Xperia XZ2 Compact,64GB,black,Android
Sony,Xperia XZ1 Compact,32GB,blau,Android
Sony,Xperia Z5,32GB,black,Android
Sony,Xperia XZ Premium,64GB,black,Android
Sony,Xperia 10 Plus Dual SIM,64GB,black,Android
Sony,Xperia XZ2 Compact Dual SIM,64GB,black,Android
Sony,Xperia X Compact,32GB,black,Android
Sony,Xperia XZ3 Dual SIM,64GB,black,Android
Sony,Xperia 10,64GB,black,Android
Sony,Xperia XZ2 Premium Dual SIM,64GB,schwarz,Android
Sony,Xperia 1 II,256GB,schwarz,Android
Sony,Xperia XZ2,64GB,silver,Android
Sony,Xperia XZ,32GB,black,Android
Sony,Xperia Z5,32GB,white,Android
Sony,Xperia X,32GB,schwarz,Android
Sony,Xperia XZ2 Dual SIM,64GB,silver,Android
Sony,Xperia Z5 Compact,32GB,white,Android
Sony,Xperia XZ,32GB,platinum,Android
Sony,Xperia XZ3 Dual SIM,64GB,silver,Android
Sony,Xperia 1 Dual SIM,128GB,white,Android
Sony,Xperia Z5 Premium,32GB,black,Android
Sony,Xperia Z3 Compact,16GB,sea green,Android
Sony,Xperia XZ1,64GB,blau,Android
Sony,Xperia XA1 Dual Sim,32GB,schwarz,Android
Sony,Xperia XZ3 Dual SIM,64GB,red,Android
Sony,Xperia XA2 Ultra Dual SIM,32GB,schwarz,Android
Sony,Xperia X Compact,32GB,blue,Android
Sony,Xperia XZ Premium Dual SIM,64GB,black,Android
Sony,Xperia XZ2 Dual SIM,64GB,pink,Android
Sony,Xperia XA2 Plus Dual SIM,32GB,gold,Android
Sony,Xperia Z2,16GB,violett,Android
Sony,Xperia 10 Dual SIM,64GB,black,Android
Sony,Xperia 1 Dual SIM,128GB,grey,Android
Sony,Xperia XZ2 Compact,64GB,silver,Android
Sony,Xperia XZ2 Compact Dual SIM,64GB,silver,Android
Sony,Xperia XZ1 Compact,32GB,silber,Android
Sony,Xperia 1 Dual SIM,128GB,black,Android
Sony,Xperia XZ2 Compact Dual SIM,64GB,green,Android
Sony,Xperia 5 Dual SIM,128GB,schwarz,Android
Sony,Xperia XZ1,64GB,schwarz,Android
Sony,Xperia XA1,32GB,schwarz,Android
Sony,Xperia XZ Premium,64GB,chrom,Android
Sony,Xperia XZ2 Dual SIM,64GB,black,Android
Sony,Xperia XA2,32GB,schwarz,Android
Sony,Xperia 1 II Dual SIM,256GB,schwarz,Android
Sony,Xperia XZ2,64GB,green,Android
Sony,Xperia XA2,32GB,silber,Android
Sony,Xperia X Compact,32GB,white,Android
Sony,Xperia 5 Dual SIM,128GB,blau,Android
Sony,Xperia 5 Dual SIM,128GB,grau,Android
Sony,Xperia L4 Dual SIM,64GB,schwarz,Android
Sony,Xperia 10 Dual SIM,64GB,blue,Android
Sony,Xperia XZ1,64GB,silber,Android
Sony,Xperia XZ2 Dual SIM,64GB,green,Android
Sony,Xperia XZ2 Premium Dual SIM,64GB,silver,Android
Sony,Xperia XZ3 Dual SIM,64GB,green,Android
Sony,Xperia XA2 Plus Dual SIM,32GB,schwarz,Android
Sony,Xperia XA1,32GB,gold,Android
Sony,Xperia Z5 Dual Sim,32GB,black,Android
Sony,Xperia XA,16GB,schwarz,Android
Sony,Xperia Z5 Compact,32GB,koralle,Android
Sony,Xperia 1 Dual SIM,128GB,purple,Android
Sony,Xperia XA1 Plus,32GB,schwarz,Android
Sony,Xperia XA1 Ultra,32GB,white,Android
Sony,Xperia 10 Dual SIM,64GB,pink,Android
Sony,Xperia M4 Aqu, 8GB,schwarz,Android
Sony,Xperia X Performance Dual Sim,64GB,white,Android
Sony,Xperia Z3 Compact,16GB,mandarinrot,Android
Sony,Xperia Z5 Dual Sim,32GB,white,Android
Sony,Xperia XZ1 Compact,32GB,pink,Android
Sony,Xperia M5,16GB,schwarz,Android
Sony,Xperia XZ2 Compact,64GB,green,Android
Sony,Xperia XZ2 Compact,64GB,pink,Android
Sony,Xperia 1 II,256GB,violett,Android
Sony,Xperia XA1 Ultra,32GB,black,Android
Sony,Xperia XZ Dual Sim,64GB,platinum,Android
Sony,Xperia XZs Dual SIM,64GB,blue,Android
Sony,Xperia 10 Dual SIM,64GB,silver,Android
Sony,Xperia X Dual Sim,64GB,schwarz,Android
Sony,Xperia XA2 Dual SIM,32GB,schwarz,Android
Sony,Xperia , 8GB,schwarz,Android
Sony,Xperia XZ3,64GB,green,Android
Sony,Xperia M4 Aqu, 8GB,white,Android
Sony,Xperia L2,32GB,schwarz,Android
Sony,Xperia XA2,32GB,blau,Android
Sony,Xperia 10 Plus Dual SIM,64GB,gold,Android
Sony,Xperia Z5 Dual Sim,32GB,green,Android
Sony,Xperia XZ3,64GB,red,Android
Sony,Xperia Z3 Compact,16GB,schwarz,Android
Sony,Xperia L3 Dual SIM,32GB,silver,Android
Sony,Xperia 1,128GB,black,Android
Sony,Xperia XZ1,64GB,pink,Android
Sony,Xperia 10 II Dual SIM,128GB,white,Android
Sony,Xperia XZs,32GB,black,Android
Sony,Xperia Z5 Premium,32GB,chrom,Android
Sony,Xperia L3 Dual SIM,32GB,black,Android
Sony,Xperia XZ2,64GB,pink,Android
Sony,Xperia XA1,32GB,pink,Android
Sony,Xperia Z1 Compact,16GB,schwarz,Android
Sony,Xperia Z,16GB,black,Android
Sony,Xperia M Dua, 4GB,schwarz,Android
Sony,Xperia L1,16GB,white,Android
Sony,Xperia Z5,32GB,green,Android
Sony,Xperia XZ1 Dual SIM,64GB,silber,Android
Sony,Xperia Z1 Compact,16GB,white,Android
Sony,Xperia Z Ultra,16GB,violett,Android
Sony,Xperia XZ Premium,64GB,pink,Android
Sony,Xperia XZs Dual SIM,64GB,silver,Android
Sony,Xperia Z3,16GB,schwarz,Android
Sony,Xperia XA Ultra,16GB,schwarz,Android
Sony,Xperia X Performance Dual Sim,64GB,schwarz,Android
Sony,Xperia 5 Dual SIM,128GB,rot,Android
Sony,Xperia 10 Plus Dual SIM,64GB,silver,Android
Sony,Xperia Z5 Premium,32GB,gold,Android
Sony,Xperia Z3+,32GB,black,Android
Sony,Xperia XZ2 Premium,64GB,schwarz,Android
Sony,Xperia XA2 Ultra,32GB,gold,Android
Sony,Xperia X Dual Sim,64GB,white,Android
Sony,Xperia 10 Plus,64GB,silver,Android
Sony,Xperia Z3+ Dual SIM,32GB,kupfer,Android
Sony,Xperia Z3,16GB,kupfer,Android
Sony,Xperia Z5,32GB,gold,Android
Sony,Xperia XZ Dual Sim,64GB,blue,Android
Sony,Xperia Z Ultra,16GB,schwarz,Android
Sony,Xperia XA1,32GB,white,Android
Sony,Xperia XA2 Ultra,32GB,silber,Android
Sony,Xperia XA2 Ultra,32GB,blau,Android
Sony,Xperia 10 II Dual SIM,128GB,schwarz,Android
Sony,Xperia Z3,16GB,white,Android
Sony,Xperia Z5,32GB,black,Android
Sony,Xperia XZ2 Compact Dual SIM,64GB,pink,Android
Sony,Xperia Z2,16GB,white,Android
Sony,Xperia Z Ultra,16GB,white,Android
Sony,Xperia Z3+,32GB,white,Android
Sony,Xperia , 4GB,schwarz,Android
Sony,Xperia XA2 Dual SIM,32GB,silber,Android
Sony,Xperia X Dual Sim,64GB,rose gold,Android
Sony,Xperia M4 Aqu, 8GB,coral,Android
Sony,Xperia XA2 Ultra Dual SIM,64GB,schwarz,Android
Sony,Xperia 10 Plus Dual SIM,64GB,blue,Android
Google,Pixel 3,64GB,black,Android
Google,Pixel 4 XL Dual SIM,64GB,white,Android
Google,Pixel 2 XL,64GB,black,Android
Google,Pixel 4 Dual SIM,64GB,white,Android
Google,Pixel 3,64GB,white,Android
Google,Pixel 2 XL,128GB,black,Android
Google,Pixel 4 XL Dual SIM,128GB,black,Android
Google,Pixel 3,128GB,white,Android
Google,Pixel 4 XL Dual SIM,128GB,white,Android
Google,Pixel 4 XL Dual SIM,64GB,black,Android
Google,Pixel 3,128GB,black,Android
Google,Pixel 3 XL,64GB,black,Android
Google,Pixel 3 XL,128GB,black,Android
Google,Pixel 4 Dual SIM,128GB,black,Android
Google,Pixel 2 XL,128GB,white,Android
Google,Pixel 3 XL,128GB,white,Android
Google,Pixel 3 XL,64GB,pink,Android
Google,Pixel 4 Dual SIM,128GB,white,Android
Google,Pixel 3a,64GB,black,Android
Google,Pixel 3a,64GB,white,Android
Google,Pixel 4 Dual SIM,64GB,black,Android
Google,Pixel 2,64GB,black,Android
Google,Pixel 3a XL,64GB,white,Android
Google,Pixel 4 Dual SIM,64GB,orange,Android
Google,Pixel 2,128GB,black,Android
Google,Pixel 3a XL,64GB,black,Android
Google,Pixel 3 XL,64GB,white,Android
Google,Pixel 2,64GB,blue,Android
Google,Pixel 2 XL,64GB,white,Android
Google,Pixel 2,64GB,white,Android
Google,Pixel,32GB,anthrazit,Android
Google,Pixel 3,64GB,pink,Android
Google,Pixel 4a Dual SIM,128GB,black,Android
Google,Pixel XL,128GB,silber,Android
Google,Pixel XL,32GB,anthrazit,Android
Google,Pixel 2,128GB,white,Android
Google,Pixel,128GB,anthrazit,Android
Google,Pixel XL,128GB,anthrazit,Android
Google,Pixel XL,32GB,silber,Android
Google,Pixel,32GB,silber,Android
Google,Pixel 2,64GB,white,Android
Google,Pixel,32GB,anthrazit,Android
Google,Pixel 3,64GB,pink,Android
Google,Pixel 4a Dual SIM,128GB,black,Android
Google,Pixel XL,128GB,silber,Android
Google,Pixel XL,32GB,anthrazit,Android
Google,Pixel 2,128GB,white,Android
Google,Pixel,128GB,anthrazit,Android
Google,Pixel XL,128GB,anthrazit,Android
Google,Pixel XL,32GB,silber,Android
Google,Pixel,32GB,silber,Android
Google,Pixel 2,64GB,white,Android
Google,Pixel,32GB,anthrazit,Android
Google,Pixel 3,64GB,pink,Android
Google,Pixel 4a Dual SIM,128GB,black,Android
Google,Pixel XL,128GB,silber,Android
Google,Pixel XL,32GB,anthrazit,Android
Google,Pixel 2,128GB,white,Android
Google,Pixel,128GB,anthrazit,Android
Google,Pixel XL,128GB,anthrazit,Android
Google,Pixel XL,32GB,silber,Android
Google,Pixel,32GB,silber,Android
Google,Pixel 2,64GB,white,Android
Google,Pixel,32GB,anthrazit,Android
Google,Pixel 3,64GB,pink,Android
Google,Pixel 4a Dual SIM,128GB,black,Android
Google,Pixel XL,128GB,silber,Android
Google,Pixel XL,32GB,anthrazit,Android
Google,Pixel 2,128GB,white,Android
Google,Pixel,128GB,anthrazit,Android
Google,Pixel XL,128GB,anthrazit,Android
Google,Pixel XL,32GB,silber,Android
Google,Pixel,32GB,silber,Android
Blackberry,Q10, 16GB,schwarz,BBOS
Blackberry,Passport, 32GB,silber,BBOS
Blackberry,Passport, 32GB,schwarz,BBOS
Blackberry,Passport, 32GB,weiss,BBOS
Blackberry,Q10, 16GB,weiss,BBOS
Blackberry,Classic, 16GB,schwarz,BBOS
Blackberry,P9982, 64GB,grau,BBOS
Blackberry,Q10, 16GB,schwarz,BBOS
Blackberry,Leap, 16GB,grau,BBOS
Blackberry,Z30, 16GB,schwarz,BBOS
Blackberry,Leap, 16GB,weiss,BBOS
Blackberry,9320,512MB,blue,BBOS
Blackberry,Z10, 16GB,white,BBOS
Blackberry,Z10, 16GB,black,BBOS
Blackberry,Q5,5 8GB,rot,BBOS
Blackberry,P9983, 64GB,schwarz,BBOS
Blackberry,iPhone XR,64GB,schwarz,BBOS
Blackberry,iPhone X,256GB,silber,BBOS
Apple,iPhone 7,128GB,schwarz,iOS
Apple,iPhone X,256GB,space grau,iOS
Apple,iPhone 8,64GB,gold,iOS
Apple,iPhone XR,64GB,rot,iOS
Apple,iPhone XR,64GB,white,iOS
Apple,iPhone X,64GB,space grau,iOS
Apple,iPhone XR,128GB,schwarz,iOS
Apple,iPhone 8,64GB,space grau,iOS
Apple,iPhone X,64GB,silber,iOS
Apple,iPhone XS,256GB,space grau,iOS
Apple,iPhone XS,64GB,gold,iOS
Apple,iPhone XS,256GB,gold,iOS
Apple,iPhone 7,128GB,silber,iOS
Apple,iPhone 8 Plus,64GB,space grau,iOS
Apple,iPhone XS,64GB,silber,iOS
Apple,iPhone 6s,32GB,space grau,iOS
Apple,iPhone 11 Pro,256GB,night green,iOS
Apple,iPhone 8,64GB,silber,iOS
Apple,iPhone XR,64GB,koralle,iOS
Apple,iPhone 6s,64GB,space grau,iOS
Apple,iPhone 7,128GB,rose gold,iOS
Apple,iPhone 7,128GB,diamantschwarz,iOS
Apple,iPhone XS Max,64GB,gold,iOS
Apple,iPhone XS Max,64GB,space grau,iOS
Apple,iPhone XR,128GB,white,iOS
Apple,iPhone 11 Pro,256GB,space grau,iOS
Apple,iPhone XR,256GB,schwarz,iOS
Apple,iPhone XS Max,256GB,space grau,iOS
Apple,iPhone XS,64GB,space grau,iOS
Apple,iPhone 11 Pro Max,256GB,night green,iOS
Apple,iPhone 11 Pro,512GB,space grau,iOS
Apple,iPhone XS Max,256GB,gold,iOS
Apple,iPhone XR,64GB,blau,iOS
Apple,iPhone 6s,64GB,silber,iOS
Apple,iPhone 11 Pro,256GB,silber,iOS
Apple,iPhone 6,64GB,spacegrau,iOS
Apple,iPhone XS,256GB,silber,iOS
Apple,iPhone 6,32GB,spacegrau,iOS
Apple,iPhone SE,64GB,rose gold,iOS
Apple,iPhone SE,32GB,space grau,iOS
Apple,iPhone 7 Plus,128GB,schwarz,iOS
Apple,iPhone 7,32GB,schwarz,iOS
Apple,iPhone 6,16GB,spacegrau,iOS
Apple,iPhone 8 Plus,256GB,gold,iOS
Apple,iPhone SE,128GB,space grau,iOS
Apple,iPhone 6s,64GB,rose gold,iOS
Apple,iPhone 7 Plus,128GB,diamantschwarz,iOS
Apple,iPhone 8 Plus,256GB,space grau,iOS
Apple,iPhone 11 Pro Max,64GB,night green,iOS
Apple,iPhone 6s,32GB,silber,iOS
Apple,iPhone 8 Plus,64GB,gold,iOS
Apple,iPhone XS Max,64GB,silber,iOS
Apple,iPhone 7 Plus,32GB,schwarz,iOS
Apple,iPhone 6s,64GB,gold,iOS
Apple,iPhone 7 Plus,128GB,rot,iOS
Apple,iPhone SE,64GB,space grau,iOS
Apple,iPhone 11 Pro,64GB,night green,iOS
Apple,iPhone 7,32GB,silber,iOS
Apple,iPhone 7 Plus,128GB,silber,iOS
Apple,iPhone 7,256GB,schwarz,iOS
Apple,iPhone 11 Pro,512GB,night green,iOS
Apple,iPhone 11 Pro Max,512GB,night green,iOS
Apple,iPhone 6s,128GB,silber,iOS
Apple,iPhone 11 Pro Max,256GB,space grau,iOS
Apple,iPhone 6s,128GB,space grau,iOS
Apple,iPhone 7,128GB,gold,iOS
Apple,iPhone 11 Pro Max,64GB,space grau,iOS
Apple,iPhone XR,64GB,gelb,iOS
Apple,iPhone 6s,16GB,space grau,iOS
Apple,iPhone 11 Pro Max,256GB,silber,iOS
Apple,iPhone 8 Plus,256GB,silber,iOS
Apple,iPhone XR,128GB,koralle,iOS
Apple,iPhone 6s,32GB,rose gold,iOS
Apple,iPhone 7,128GB,rot,iOS
Apple,iPhone 6s,16GB,silber,iOS
Apple,iPhone SE,64GB,silber,iOS
Apple,iPhone 6,64GB,silber,iOS
Apple,iPhone 11 Pro,256GB,gold,iOS
Apple,iPhone 11 Pro Max,64GB,gold,iOS
Apple,iPhone 11 Pro Max,512GB,space grau,iOS
Apple,iPhone 6s,128GB,rose gold,iOS
Apple,iPhone XS Max,512GB,space grau,iOS
Apple,iPhone 11 Pro Max,512GB,silber,iOS
Apple,iPhone 6s Plus,64GB,space grau,iOS
Apple,iPhone XR,128GB,blau,iOS
Apple,iPhone 7 Plus,256GB,diamantschwarz,iOS
Apple,iPhone 6,64GB,gold,iOS
Apple,iPhone 6 Plus,64GB,spacegrau,iOS
Apple,iPhone SE,64GB,gold,iOS
Apple,iPhone 7,32GB,gold,iOS
Apple,iPhone 11,256GB,rot,iOS
Apple,iPhone 7 Plus,128GB,rose gold,iOS
Apple,iPhone SE,128GB,silber,iOS
Apple,iPhone 6s,32GB,gold,iOS
Apple,iPhone 7 Plus,256GB,schwarz,iOS
Apple,iPhone 6,128GB,spacegrau,iOS
Apple,iPhone 11,256GB,schwarz,iOS
Apple,iPhone SE,16GB,silber,iOS
Apple,iPhone 8 Plus,64GB,rot,iOS
Apple,iPhone 7 Plus,128GB,gold,iOS
Apple,iPhone SE,16GB,gold,iOS
Apple,iPhone 11 Pro Max,64GB,silber,iOS
Apple,iPhone 6s,16GB,rose gold,iOS
Apple,iPhone SE,32GB,rose gold,iOS
Apple,iPhone XS,512GB,space grau,iOS
Apple,iPhone 6s Plus,64GB,rose gold,iOS
Apple,iPhone 6s Plus,16GB,space grau,iOS
Apple,iPhone SE,128GB,rose gold,iOS
Apple,iPhone SE,16GB,rose gold,iOS
Apple,iPhone 7,256GB,silber,iOS
Apple,iPhone XR,256GB,white,iOS
Apple,iPhone 6 Plus,64GB,silber,iOS
Apple,iPhone 7 Plus,32GB,silber,iOS
Apple,iPhone 11,256GB,violett,iOS
Apple,iPhone 6s Plus,32GB,space grau,iOS
Apple,iPhone SE,32GB,gold,iOS
Apple,iPhone XR,128GB,gelb,iOS
Apple,iPhone XS Max,512GB,gold,iOS
Apple,iPhone 6s Plus,128GB,rose gold,iOS
Apple,iPhone 6,128GB,silber,iOS
Apple,iPhone 7 Plus,32GB,gold,iOS
Apple,iPhone 6s,128GB,gold,iOS
Apple,iPhone 6s Plus,64GB,silber,iOS
Apple,iPhone 6s Plus,64GB,gold,iOS
Apple,iPhone 6 Plus,16GB,silber,iOS
Apple,iPhone 7,256GB,gold,iOS
Apple,iPhone 6s Plus,32GB,silber,iOS
Apple,iPhone XS,512GB,silber,iOS
Apple,iPhone 6s Plus,128GB,gold,iOS
Apple,iPhone 6s Plus,16GB,rose gold,iOS
Apple,iPhone 11 Pro,512GB,gold,iOS
Apple,iPhone 11 Pro Max,512GB,gold,iOS
Apple,iPhone XR,256GB,rot,iOS
Apple,iPhone XS Max,256GB,silber,iOS
Apple,iPhone 11 Pro,512GB,silber,iOS
Apple,iPhone 11,256GB,green,iOS
Apple,iPhone 7,32GB,rose gold,iOS
Apple,iPhone 8,64GB,rot,iOS
Apple,iPhone 11 Pro,64GB,space grau,iOS
Apple,iPhone 8 Plus,64GB,silber,iOS
Apple,iPhone SE,32GB,silber,iOS
Apple,iPhone 11 Pro,64GB,silber,iOS
Apple,iPhone SE,16GB,space grau,iOS
Apple,iPhone 8,256GB,silber,iOS
Apple,iPhone 11,64GB,white,iOS
Apple,iPhone XR,128GB,rot,iOS
Apple,iPhone 11 Pro,64GB,gold,iOS
Apple,iPhone 6s Plus,128GB,space grau,iOS
Apple,iPhone 8 Plus,256GB,rot,iOS
Apple,iPhone 11,256GB,white,iOS
Apple,iPhone 11,64GB,violett,iOS
Apple,iPhone 6,16GB,silber,iOS
Apple,iPhone 11,128GB,green,iOS
Apple,iPhone 6 Plus,128GB,spacegrau,iOS
Apple,iPhone 11,64GB,gelb,iOS
Apple,iPhone 6 Plus,16GB,spacegrau,iOS
Apple,iPhone 11,128GB,gelb,iOS
Apple,iPhone 7 Plus,256GB,silber,iOS
Apple,iPhone 6s,16GB,gold,iOS
Apple,iPhone 6 Plus,64GB,gold,iOS
Apple,iPhone XR,256GB,koralle,iOS
Apple,iPhone 8,128GB,silber,iOS
Apple,iPhone 6 Plus,16GB,gold,iOS
Apple,iPhone XS,512GB,gold,iOS
Apple,iPhone XR,256GB,blau,iOS
Apple,iPhone 6s Plus,16GB,gold,iOS
Apple,iPhone 6 Plus,128GB,gold,iOS
Apple,iPhone 8 Plus,128GB,gold,iOS
Apple,iPhone XR,256GB,gelb,iOS
Apple,iPhone 11 Pro Max,256GB,gold,iOS
Apple,iPhone 7 Plus,32GB,rose gold,iOS
Apple,iPhone 7,32GB,diamantschwarz,iOS
Apple,iPhone 7 Plus,32GB,diamantschwarz,iOS
Apple,iPhone SE 2 Dual SIM,64GB,schwarz,iOS
Apple,iPhone 12 mini,256GB,schwarz,iOS
Apple,iPhone 12 mini,64GB,blau,iOS
Apple,iPhone 12 mini,256GB,blau,iOS
Apple,iPhone 12 mini,64GB,green,iOS
Apple,iPhone 12 mini,256GB,green,iOS
Apple,iPhone 12 mini,64GB,rot,iOS
Apple,iPhone XS Max,512GB,silber,iOS
Apple,iPhone 12 mini,256GB,rot,iOS
Apple,iPhone 12 mini,256GB,white,iOS
Apple,iPhone 12 mini,64GB,white,iOS
Apple,iPhone 7 Plus,256GB,rose gold,iOS
Apple,iPhone 8,128GB,space grau,iOS
Apple,iPhone 6,128GB,gold,iOS
Apple,iPhone SE 2 Dual SIM,64GB,white,iOS
Apple,iPhone 12 mini,64GB,schwarz,iOS
Apple,iPhone 12 mini,128GB,blau,iOS
Apple,iPhone 12 mini,128GB,green,iOS
Apple,iPhone 12 mini,128GB,white,iOS
Apple,iPhone 12 mini,128GB,rot,iOS
Apple,iPhone 12 mini,128GB,schwarz,iOS
Apple,iPhone 6s Plus,32GB,rose gold,iOS
Apple,iPhone SE 2 Dual SIM,128GB,white,iOS
Apple,iPhone SE 2 Dual SIM,64GB,rot,iOS
Apple,iPhone SE 2 Dual SIM,128GB,rot,iOS
Apple,iPhone 6s Plus,16GB,silber,iOS
Apple,iPhone 8,256GB,space grau,iOS
Apple,iPhone 11,64GB,schwarz,iOS
Apple,iPhone 11,128GB,schwarz,iOS
Apple,iPhone 8,256GB,gold,iOS
Apple,iPhone 11,64GB,rot,iOS
Apple,iPhone 11,128GB,white,iOS
Apple,iPhone 8,256GB,rot,iOS
Apple,iPhone 11,64GB,green,iOS
Apple,iPhone 11,128GB,rot,iOS
Apple,iPhone SE,128GB,gold,iOS
Apple,iPhone 6,16GB,gold,iOS
Apple,iPhone 7,256GB,diamantschwarz,iOS
Apple,iPhone 7,256GB,rose gold,iOS
Apple,iPhone SE 2 Dual SIM,128GB,schwarz,iOS
Apple,iPhone 11,128GB,violett,iOS
Apple,iPhone 7 Plus,256GB,gold,iOS
Apple,iPhone 6s Plus,128GB,silber,iOS
Apple,iPhone 6 Plus,128GB,silber,iOS
Apple,iPhone 7,256GB,rot,iOS
Apple,iPhone SE 2 Dual SIM,256GB,schwarz,iOS
Apple,iPhone 11,256GB,gelb,iOS
Apple,iPhone 6s Plus,32GB,gold,iOS
Apple,iPhone 8 Plus,128GB,space grau,iOS
Apple,iPhone 7 Plus,256GB,rot,iOS
Apple,iPhone 8 Plus,128GB,silber,iOS
Apple,iPhone 5s,16GB,spacegrau,iOS
Apple,iPhone SE 2 Dual SIM,256GB,rot,iOS
Apple,iPhone 8,128GB,gold,iOS
Apple,iPhone 5s,64GB,silber,iOS
Apple,iPhone 5,16GB,white silver,iOS
Apple,iPhone 5,32GB,schwarz graphit,iOS
Apple,iPhone 5, 8GB,white,iOS
Apple,iPhone 4s,64GB,schwarz,iOS
Apple,iPhone 5c,32GB,white,iOS
Apple,iPhone SE 2 Dual SIM,256GB,white,iOS
Apple,iPhone 5s,64GB,spacegrau,iOS
Apple,iPhone 4, 8GB,schwarz,iOS
Apple,iPhone 4s,16GB,schwarz,iOS
Apple,iPhone 6,32GB,gold,iOS
Apple,iPhone 4,32GB,schwarz,iOS
Apple,iPhone 5c,16GB,green,iOS
Apple,iPhone 5s,16GB,silber,iOS
Apple,iPhone 5s,16GB,gold,iOS
Apple,iPhone 5s,32GB,silber,iOS
Apple,iPhone 4s,32GB,schwarz,iOS
Apple,iPhone 5s,32GB,spacegrau,iOS
Apple,iPhone 5c,32GB,gelb,iOS
Apple,iPhone 5c,16GB,blau,iOS
Apple,iPhone 5c,32GB,pink,iOS
Apple,iPhone 4,16GB,schwarz,iOS
Apple,iPhone 5s,32GB,gold,iOS
Apple,iPhone 5c,16GB,gelb,iOS
Apple,iPhone 5,16GB,schwarz graphit,iOS
Apple,iPhone 5,32GB,white silver,iOS
Apple,iPhone 5c,16GB,white,iOS
Apple,iPhone 5, 8GB,pink,iOS
Apple,iPhone 5,64GB,schwarz graphit,iOS
Apple,iPhone 5s,64GB,gold,iOS
Apple,iPhone , 8GB,schwarz,iOS
Apple,iPhone 5c,32GB,blau,iOS
Apple,iPhone 4s,16GB,white,iOS
Apple,iPhone 5,64GB,white silver,iOS
Apple,iPhone 5c,16GB,pink,iOS
Apple,iPhone 5c,32GB,green,iOS
Apple,iPhone 5, 8GB,blau,iOS
Apple,iPhone 12 Pro Max,128GB,graphit,iOS
Apple,iPhone 12 Pro Max,512GB,silber,iOS
Apple,iPhone 12 Pro Max,512GB,graphit,iOS
Apple,iPhone 12 Pro Max,256GB,graphit,iOS
Apple,iPhone 12 Pro Max,256GB,silber,iOS
Apple,iPhone 12 Pro Max,128GB,silber,iOS
Apple,iPhone 12 Pro Max,512GB,pazifikblau,iOS
Apple,iPhone 12 Pro Max,256GB,pazifikblau,iOS
Apple,iPhone 12 Pro Max,256GB,gold,iOS
Apple,iPhone 12 Pro Max,128GB,gold,iOS
Apple,iPhone 12 Pro Max,128GB,pazifikblau,iOS
Apple,iPhone 12 Pro Max,512GB,gold,iOS
Apple,Lumia 1520 ,32GB,rot,iOS
Apple,Lumia 650 ,16GB,schwarz,iOS
Nokia,Lumia 950 XL Dual SIM ,32GB,schwarz,Windows
Microsoft,Lumia 650 Dual SIM ,16GB,schwarz,Windows
Microsoft,Lumia 930 ,32GB,orange,Windows
Microsoft,Lumia 950 XL ,32GB,schwarz,Windows
Nokia,Lumia 950 XL ,32GB,white,Windows
Microsoft,Lumia 925 ,32GB,schwarz,Windows
Microsoft,Lumia 1020 ,32GB,schwarz,Windows
Nokia,Lumia 1020 ,32GB,gelb,Windows
Nokia,Lumia 930 ,32GB,schwarz,Windows
Nokia,Lumia 640 LTE,8GB,schwarz,Windows
Nokia,Lumia 1520 ,32GB,schwarz,Windows
Microsoft,Lumia 1020 ,64GB,white,Windows
Nokia,Lumia 950 XL Dual SIM ,32GB,white,Windows
Nokia,Lumia 1020 ,32GB,white,Windows
Microsoft,Lumia 550,8GB,schwarz,Windows
Nokia,Lumia 640 XL Dual SIM,8GB,schwarz,Windows
Microsoft,Lumia 950 Dual SIM ,32GB,white,Windows
Microsoft,Lumia 920 ,32GB,grey,Windows
Microsoft,Lumia 950 ,32GB,schwarz,Windows
Nokia,Lumia 640 LTE Dual SIM,8GB,white,Windows
Microsoft,Lumia 930 ,32GB,green,Windows
Microsoft,Lumia 630,8GB,schwarz,Windows
Nokia,Lumia 650 ,16GB,white,Windows
Nokia,Lumia 1520 ,32GB,white,Windows
Microsoft,Lumia 830 ,16GB,schwarz,Windows
Nokia,Lumia 950 ,32GB,white,Windows
Nokia,Lumia 920 ,32GB,yellow,Windows
Microsoft,Lumia 650 Dual SIM ,16GB,white,Windows
Nokia,Lumia 830 ,16GB,orange,Windows
Microsoft,Lumia 830 ,16GB,white,Windows
Nokia,Lumia 930 ,32GB,white,Windows
Nokia,Lumia 1520 ,32GB,green,Windows
Nokia,,16GB,schwarz,Windows
Nokia,Lumia 1020 ,64GB,gelb,Windows
HTC,Lumia 730 Dual SIM,8GB,gray,Windows
Nokia,Lumia 735,8GB,orange,Windows
Nokia,Lumia 640 XL LTE Dual SIM,8GB,white,Windows
Nokia,Lumia 1320,8GB,white,Windows
Microsoft,Lumia 735,8GB,grey,Windows
Nokia,Lumia 640 LTE Dual SIM,8GB,schwarz,Windows
Nokia,Lumia 930 ,32GB,gold,Windows
Microsoft,Lumia 920 ,32GB,black,Windows
Nokia,Lumia 1320,8GB,schwarz,Windows
Nokia,Lumia 640 LTE,8GB,orange,Windows
Nokia,Lumia 535 Dual SIM,8GB,white,Windows
Microsoft,Lumia 640 XL LTE Dual SIM,8GB,schwarz,Windows
Microsoft,Lumia 540 Dual SIM,8GB,orange,Windows
Microsoft,Lumia 925 ,16GB,hellgrau,Windows
Microsoft,Lumia 640 XL,8GB,schwarz,Windows
Nokia,Lumia 625,8GB,schwarz,Windows
Microsoft,Lumia 535,8GB,white,Windows
Nokia,,8GB,schwarz,Windows
Microsoft,Lumia 635,8GB,schwarz,Windows
HTC,Lumia 710 ,8GB,schwarz,Windows
Nokia,Lumia 640 LTE,16GB,white,Windows
Nokia,,4GB,white,Windows
